,id,user_id,post_id,created_at,updated_at
0,19,96,188,2021-09-17 14:54:32.068011+00:00,2021-09-17 14:54:32.068050+00:00
1,20,91,165,2021-09-17 14:59:31.004990+00:00,2021-09-17 14:59:31.005015+00:00
2,21,75,9,2021-09-17 14:59:31.029925+00:00,2021-09-17 14:59:31.029948+00:00
3,22,138,7,2021-09-17 14:59:31.052587+00:00,2021-09-17 14:59:31.052611+00:00
4,23,121,179,2021-09-17 14:59:31.084207+00:00,2021-09-17 14:59:31.084354+00:00
5,24,73,176,2021-09-17 14:59:31.113809+00:00,2021-09-17 14:59:31.113834+00:00
6,25,119,4,2021-09-17 14:59:31.140827+00:00,2021-09-17 14:59:31.140851+00:00
7,26,155,172,2021-09-17 14:59:31.169723+00:00,2021-09-17 14:59:31.169747+00:00
8,27,155,187,2021-09-17 14:59:31.195875+00:00,2021-09-17 14:59:31.195908+00:00
9,28,131,164,2021-09-17 14:59:31.225735+00:00,2021-09-17 14:59:31.225779+00:00
10,29,83,164,2021-09-17 14:59:31.251208+00:00,2021-09-17 14:59:31.251233+00:00
11,30,78,166,2021-09-17 14:59:31.274267+00:00,2021-09-17 14:59:31.274393+00:00
12,31,143,168,2021-09-17 14:59:31.305752+00:00,2021-09-17 14:59:31.305886+00:00
13,32,133,190,2021-09-17 14:59:31.331046+00:00,2021-09-17 14:59:31.331194+00:00
14,33,118,191,2021-09-17 14:59:31.354226+00:00,2021-09-17 14:59:31.354262+00:00
15,34,77,181,2021-09-17 14:59:31.378093+00:00,2021-09-17 14:59:31.378118+00:00
16,35,123,177,2021-09-17 14:59:31.406147+00:00,2021-09-17 14:59:31.406171+00:00
17,36,77,1,2021-09-17 14:59:31.436453+00:00,2021-09-17 14:59:31.436477+00:00
18,37,5,173,2021-09-17 14:59:31.467050+00:00,2021-09-17 14:59:31.467110+00:00
19,38,148,182,2021-09-17 14:59:31.497435+00:00,2021-09-17 14:59:31.497466+00:00
20,39,110,170,2021-09-17 14:59:31.530568+00:00,2021-09-17 14:59:31.530592+00:00
21,40,128,168,2021-09-17 14:59:31.554449+00:00,2021-09-17 14:59:31.554475+00:00
22,41,144,6,2021-09-17 14:59:31.579807+00:00,2021-09-17 14:59:31.579831+00:00
23,42,118,180,2021-09-17 14:59:31.601626+00:00,2021-09-17 14:59:31.601650+00:00
24,43,107,170,2021-09-17 14:59:31.622483+00:00,2021-09-17 14:59:31.622551+00:00
25,44,158,164,2021-09-17 14:59:31.650426+00:00,2021-09-17 14:59:31.650450+00:00
26,45,71,172,2021-09-17 14:59:31.678777+00:00,2021-09-17 14:59:31.678802+00:00
27,46,73,188,2021-09-17 14:59:31.699972+00:00,2021-09-17 14:59:31.699996+00:00
28,47,137,188,2021-09-17 14:59:31.720447+00:00,2021-09-17 14:59:31.720489+00:00
29,48,108,180,2021-09-17 14:59:31.754710+00:00,2021-09-17 14:59:31.754733+00:00
30,49,134,167,2021-09-17 14:59:31.775193+00:00,2021-09-17 14:59:31.775226+00:00
