,id,current_user_id,user_id,room_id,created_at
0,26,4,1,15,2021-09-13
1,27,1,4,15,2021-09-13
2,28,1,96,16,2021-09-17
3,29,1,85,17,2021-09-17
4,30,85,1,17,2021-09-17
5,31,1,101,18,2021-09-17
6,32,101,1,18,2021-09-17
7,33,112,143,19,2021-09-18
8,34,117,80,20,2021-09-18
9,35,147,102,21,2021-09-18
10,36,137,98,22,2021-09-18
11,37,157,71,23,2021-09-18
12,38,160,120,24,2021-09-18
13,39,92,159,25,2021-09-18
14,40,106,90,26,2021-09-18
15,41,151,85,27,2021-09-18
16,42,76,145,28,2021-09-18
17,43,159,152,29,2021-09-18
18,44,157,160,30,2021-09-18
19,45,115,113,31,2021-09-18
20,46,93,145,32,2021-09-18
21,47,88,73,33,2021-09-18
22,48,157,153,34,2021-09-18
23,49,145,133,35,2021-09-18
24,50,147,158,36,2021-09-18
25,51,122,71,37,2021-09-18
26,52,89,71,38,2021-09-18
27,53,74,158,39,2021-09-18
28,54,129,130,40,2021-09-18
29,55,120,131,41,2021-09-18
30,56,91,158,42,2021-09-18
31,57,98,102,43,2021-09-18
32,58,146,95,44,2021-09-18
33,59,121,94,45,2021-09-18
34,60,92,75,46,2021-09-18
35,61,76,104,47,2021-09-18
36,62,86,96,48,2021-09-18
37,63,166,163,49,2021-09-18
38,64,135,126,50,2021-09-18
39,65,185,107,51,2021-09-18
40,66,141,109,52,2021-09-18
41,67,138,80,53,2021-09-18
42,68,128,172,54,2021-09-18
43,69,103,138,55,2021-09-18
44,70,162,171,56,2021-09-18
45,71,169,160,57,2021-09-18
46,72,82,189,58,2021-09-18
47,73,111,178,59,2021-09-18
48,74,135,150,60,2021-09-18
49,75,137,174,61,2021-09-18
50,76,175,82,62,2021-09-18
51,77,73,168,63,2021-09-18
52,78,152,124,64,2021-09-18
53,79,142,92,65,2021-09-18
54,80,125,159,66,2021-09-18
55,81,139,136,67,2021-09-18
56,82,135,153,68,2021-09-18
57,83,96,167,69,2021-09-18
58,84,168,159,70,2021-09-18
59,85,148,117,71,2021-09-18
60,86,138,115,72,2021-09-18
61,87,91,89,73,2021-09-18
62,88,117,92,74,2021-09-18
63,89,96,121,75,2021-09-18
64,90,172,5,76,2021-09-18
65,91,159,89,77,2021-09-18
66,92,109,132,78,2021-09-18
67,93,86,166,79,2021-09-18
68,94,157,138,80,2021-09-18
69,95,74,83,81,2021-09-18
70,96,106,116,82,2021-09-18
71,97,186,4,83,2021-09-18
72,98,134,178,84,2021-09-18
73,99,84,155,85,2021-09-18
74,100,155,105,86,2021-09-18
75,101,127,130,87,2021-09-18
76,102,93,75,88,2021-09-18
77,103,183,132,89,2021-09-18
78,104,134,144,90,2021-09-18
79,105,84,89,91,2021-09-18
80,106,124,89,92,2021-09-18
81,107,177,183,93,2021-09-18
82,108,111,151,94,2021-09-18
83,109,81,92,95,2021-09-18
84,110,176,83,96,2021-09-18
85,111,86,5,97,2021-09-18
86,112,115,152,98,2021-09-18
87,113,104,184,99,2021-09-18
88,114,169,168,100,2021-09-18
89,115,124,153,101,2021-09-18
90,116,96,94,102,2021-09-18
91,117,127,154,103,2021-09-18
92,118,187,113,104,2021-09-18
93,119,138,125,105,2021-09-18
94,120,137,78,106,2021-09-18
95,121,156,95,107,2021-09-18
96,122,81,139,108,2021-09-18
97,123,169,161,109,2021-09-18
98,124,149,164,110,2021-09-18
99,125,88,148,111,2021-09-18
100,126,84,176,112,2021-09-18
101,127,171,165,113,2021-09-18
102,128,103,152,114,2021-09-18
103,129,106,176,115,2021-09-18
104,130,190,132,116,2021-09-18
105,131,86,131,117,2021-09-18
106,132,88,130,118,2021-09-18
107,133,122,137,119,2021-09-18
108,134,179,115,120,2021-09-18
109,135,176,148,121,2021-09-18
110,136,155,167,122,2021-09-18
111,137,117,96,123,2021-09-18
112,138,90,78,124,2021-09-18
113,139,173,187,125,2021-09-18
114,140,122,179,126,2021-09-18
115,141,111,190,127,2021-09-18
116,142,72,147,128,2021-09-18
117,143,97,183,129,2021-09-18
118,144,142,76,130,2021-09-18
119,145,5,97,131,2021-09-18
120,146,178,138,132,2021-09-18
121,147,139,125,133,2021-09-18
122,148,93,161,134,2021-09-18
123,149,86,181,135,2021-09-18
124,150,112,108,136,2021-09-18
125,151,122,129,137,2021-09-18
126,152,74,147,138,2021-09-18
127,153,116,109,139,2021-09-18
128,154,142,158,140,2021-09-18
129,155,112,166,141,2021-09-18
130,156,122,76,142,2021-09-18
131,157,74,189,143,2021-09-18
132,158,142,94,144,2021-09-18
133,159,122,74,145,2021-09-18
134,160,116,99,146,2021-09-18
135,161,172,76,147,2021-09-18
136,162,144,79,148,2021-09-18
137,163,121,129,149,2021-09-18
138,164,129,177,150,2021-09-18
139,165,115,99,151,2021-09-18
140,166,137,183,152,2021-09-18
141,167,97,105,153,2021-09-18
142,168,93,103,154,2021-09-18
143,169,127,146,155,2021-09-18
144,170,129,160,156,2021-09-18
145,171,178,176,157,2021-09-18
146,172,135,110,158,2021-09-18
147,173,124,92,159,2021-09-18
148,174,125,187,160,2021-09-18
149,175,74,115,161,2021-09-18
150,176,111,135,162,2021-09-18
151,177,179,166,163,2021-09-18
152,178,124,86,164,2021-09-18
153,179,151,182,165,2021-09-18
154,180,161,117,166,2021-09-18
155,181,112,184,167,2021-09-18
156,182,90,140,168,2021-09-18
157,183,132,87,169,2021-09-18
158,184,154,156,170,2021-09-18
159,185,128,155,171,2021-09-18
160,186,104,174,172,2021-09-18
161,187,108,114,173,2021-09-18
162,188,102,186,174,2021-09-18
163,189,140,129,175,2021-09-18
164,190,112,103,176,2021-09-18
165,191,75,73,177,2021-09-18
166,192,156,185,178,2021-09-18
167,193,151,149,179,2021-09-18
168,194,76,81,180,2021-09-18
169,195,177,126,181,2021-09-18
170,196,90,189,182,2021-09-18
171,197,103,147,183,2021-09-18
172,198,131,76,184,2021-09-18
173,199,108,146,185,2021-09-18
174,200,131,173,186,2021-09-18
175,201,167,161,187,2021-09-18
176,202,165,122,188,2021-09-18
177,203,106,136,189,2021-09-18
178,204,180,129,190,2021-09-18
179,205,169,130,191,2021-09-18
180,206,164,82,192,2021-09-18
181,207,102,79,193,2021-09-18
182,208,141,156,194,2021-09-18
183,209,108,158,195,2021-09-18
184,210,135,89,196,2021-09-18
185,211,4,180,197,2021-09-18
186,212,85,152,198,2021-09-18
187,213,145,179,199,2021-09-18
188,214,75,103,200,2021-09-18
189,215,93,5,201,2021-09-18
190,216,150,171,202,2021-09-18
191,217,172,110,203,2021-09-18
192,218,82,105,204,2021-09-18
193,219,151,123,205,2021-09-18
194,220,156,5,206,2021-09-18
195,221,87,187,207,2021-09-18
196,222,138,99,208,2021-09-18
197,223,125,121,209,2021-09-18
198,224,156,124,210,2021-09-18
199,225,1,176,211,2021-09-18
200,226,145,121,212,2021-09-18
201,227,84,113,213,2021-09-18
202,228,183,143,214,2021-09-18
203,229,182,162,215,2021-09-18
204,230,189,169,216,2021-09-18
205,231,189,1,217,2021-09-18
206,232,164,142,218,2021-09-18
207,233,190,144,219,2021-09-18
208,234,110,100,220,2021-09-18
209,235,162,81,221,2021-09-18
210,236,97,170,222,2021-09-18
211,237,181,5,223,2021-09-18
212,238,124,75,224,2021-09-18
213,239,120,157,225,2021-09-18
214,240,152,106,226,2021-09-18
215,241,159,131,227,2021-09-18
216,242,94,1,228,2021-09-18
217,243,82,145,229,2021-09-18
218,244,91,90,230,2021-09-18
219,245,165,151,231,2021-09-18
220,246,103,149,232,2021-09-18
221,247,186,133,233,2021-09-18
222,248,163,146,234,2021-09-18
223,249,162,108,235,2021-09-18
224,250,101,80,236,2021-09-18
225,251,160,87,237,2021-09-18
226,252,167,132,238,2021-09-18
227,253,174,172,239,2021-09-18
228,254,75,79,240,2021-09-18
229,255,142,178,241,2021-09-18
230,256,173,114,242,2021-09-18
231,257,81,175,243,2021-09-18
232,258,168,175,244,2021-09-18
233,259,185,93,245,2021-09-18
234,260,103,143,246,2021-09-18
235,261,96,177,247,2021-09-18
236,262,82,112,248,2021-09-18
237,263,135,123,249,2021-09-18
238,264,154,94,250,2021-09-18
239,265,1,108,251,2021-09-18
240,266,163,95,252,2021-09-18
241,267,129,165,253,2021-09-18
242,268,137,156,254,2021-09-18
243,269,95,149,255,2021-09-18
